district_code,district_name,taluka_code,taluka_name,village_code,village_name_marathi,village_name_english,gis_code,xmin,ymin,xmax,ymax
26,Ahmednagar,01,Ahmednagar CTSO,000000000000002609,Ahmednagar,Ahmednagar,,,,,
26,Ahmednagar,01,Ahmednagar CTSO,000000000000002603,Kopargaon,Kopargaon,,,,,
26,Ahmednagar,01,Ahmednagar CTSO,000000000000002608,Pathrdi,Pathrdi,,,,,
26,Ahmednagar,01,Ahmednagar CTSO,000000000000002604,Rahata,Rahata,,,,,
26,Ahmednagar,01,Ahmednagar CTSO,000000000000002610,Rahuri,Rahuri,,,,,
26,Ahmednagar,01,Ahmednagar CTSO,000000000000002602,Samgamner,Samgamner,,,,,
26,Ahmednagar,01,Ahmednagar CTSO,000000000000002612,Shrigonda,Shrigonda,,,,,
26,Ahmednagar,01,Ahmednagar CTSO,000000000000002605,Shrirampur,Shrirampur,,,,,
26,Ahmednagar,04,Rahata,000000000000001100,Shirdi,Shirdi,,,,,
26,Ahmednagar,10,Rahuri,000000000000019100,Dewalali,Dewalali,,,,,
05,Akola,01,Akola CTSO,000000000000000504,Akola,Akola,,,,,
05,Akola,01,Akola CTSO,000000000000000502,Akot,Akot,,,,,
05,Akola,01,Akola CTSO,000000000000000503,Balapur,Balapur,,,,,
05,Akola,01,Akola CTSO,000000000000000505,Murtizapur,Murtizapur,,,,,
07,Amravati,01,Amravati CTSO,000000000000000704,Achalpur,Achalpur,,,,,
07,Amravati,01,Amravati CTSO,000000000000000703,Anjangaon Surji,Anjangaon Surji,,,,,
07,Amravati,01,Amravati CTSO,000000000000000702,Chikhaldara,Chikhaldara,,,,,
07,Amravati,01,Amravati CTSO,000000000000000711,Daryapur,Daryapur,,,,,
07,Amravati,01,Amravati CTSO,000000000000000714,Dhamangaon Railway,Dhamangaon Railway,,,,,
07,Amravati,01,Amravati CTSO,000000000000000706,Morshi,Morshi,,,,,
07,Amravati,01,Amravati CTSO,000000000000000707,Warud,Warud,,,,,
19,Aurangabad,01,Aurangabad CTSO,000000000000001905,Aurangabad,Aurangabad,,,,,
19,Aurangabad,01,Aurangabad CTSO,000000000000001909,Paithan,Paithan,,,,,
19,Aurangabad,01,Aurangabad CTSO,000000000000001903,Sillod,Sillod,,,,,
19,Aurangabad,01,Aurangabad CTSO,000000000000001907,Waijapur,Waijapur,,,,,
19,Aurangabad,10,CTSO Aurangabad,000000000000002100,Harsul,Harsul,,,,,
10,Bhandara,01,Bhandara CTSO,000000000000001003,Bhandara,Bhandara,,,,,
10,Bhandara,01,Bhandara CTSO,000000000000001006,Pawani,Pawani,,,,,
10,Bhandara,01,Bhandara CTSO,000000000000001001,Tumsar,Tumsar,,,,,
27,Bid,01,Bid CTSO,000000000000002707,Bid,Bid,,,,,
27,Bid,01,Bid CTSO,000000000000002710,Parali,Parali,,,,,
04,Buldhana,01,Buldhana CTSO,000000000000000410,Buldhana,Buldhana,,,,,
04,Buldhana,01,Buldhana CTSO,000000000000000409,Chikhali,Chikhali,,,,,
04,Buldhana,01,Buldhana CTSO,000000000000000411,Deolgaon Raja,Deolgaon Raja,,,,,
04,Buldhana,01,Buldhana CTSO,000000000000000401,Jalgaon Jamod,Jalgaon Jamod,,,,,
04,Buldhana,01,Buldhana CTSO,000000000000000407,Khamgaon,Khamgaon,,,,,
04,Buldhana,01,Buldhana CTSO,000000000000000413,Lonar,Lonar,,,,,
04,Buldhana,01,Buldhana CTSO,000000000000000405,Malakapur,Malakapur,,,,,
04,Buldhana,01,Buldhana CTSO,000000000000000404,Nandura,Nandura,,,,,
04,Buldhana,01,Buldhana CTSO,000000000000000403,Shegaon,Shegaon,,,,,
13,Chandrapur,01,Chandrapur CTSO,000000000000001311,Ballarpur,Ballarpur,,,,,
13,Chandrapur,01,Chandrapur CTSO,000000000000001307,Bhadrawati,Bhadrawati,,,,,
13,Chandrapur,01,Chandrapur CTSO,000000000000001304,Bramhapuri,Bramhapuri,,,,,
13,Chandrapur,01,Chandrapur CTSO,000000000000001308,Chandrapur,Chandrapur,,,,,
13,Chandrapur,01,Chandrapur CTSO,000000000000001309,Mul ,Mul ,,,,,
13,Chandrapur,01,Chandrapur CTSO,000000000000001301,Warora,Warora,,,,,
02,Dhule,01,Dhule CTSO,000000000000002100,Devapur,Devapur,,,,,
02,Dhule,01,Dhule CTSO,000000000000016100,Dhule Gaothan 02,Dhule Gaothan 02,,,,,
02,Dhule,01,Dhule CTSO,000000000000015100,Dhule Gaothn 01,Dhule Gaothn 01,,,,,
02,Dhule,01,Dhule CTSO,000000000000003100,Mahindale,Mahindale,,,,,
02,Dhule,01,Dhule CTSO,000000000000000202,Shindakheda,Shindakheda,,,,,
02,Dhule,01,Dhule CTSO,000000000000000201,Shirpur,Shirpur,,,,,
02,Dhule,01,Dhule CTSO,000000000000005100,Walwadi,Walwadi,,,,,
02,Dhule,02,Shindkheda,000000000000030100,Dondaicha ,Dondaicha ,,,,,
12,Gadchiroli,01,Gadchiroli CTSO,000000000000001206,Gadchiroli,Gadchiroli,,,,,
11,Gondiya,01,Gondiya CTSO,000000000000001103,Gondiya,Gondiya,,,,,
16,Hingoli,01,Hingoli CTSO,000000000000001602,Hingoli,Hingoli,,,,,
03,Jalgaon,01,Jalgaon CTSO,000000000000000310,Amalner,Amalner,,,,,
03,Jalgaon,01,Jalgaon CTSO,000000000000000306,Bhusawal,Bhusawal,,,,,
03,Jalgaon,01,Jalgaon CTSO,000000000000000313,Chalisgaon,Chalisgaon,,,,,
03,Jalgaon,01,Jalgaon CTSO,000000000000000309,Dharangaon,Dharangaon,,,,,
03,Jalgaon,01,Jalgaon CTSO,000000000000000308,Erandol,Erandol,,,,,
03,Jalgaon,01,Jalgaon CTSO,000000000000000316,Jalgaon CTSO,Jalgaon CTSO,,,,,
03,Jalgaon,01,Jalgaon CTSO,000000000000000315,Jamner,Jamner,,,,,
03,Jalgaon,01,Jalgaon CTSO,000000000000000314,Pachora,Pachora,,,,,
03,Jalgaon,01,Jalgaon CTSO,000000000000000311,Parola,Parola,,,,,
03,Jalgaon,01,Jalgaon CTSO,000000000000000303,Raver,Raver,,,,,
03,Jalgaon,03,Raver,000000000000013100,Sawda,Sawda,,,,,
03,Jalgaon,02,Yaval,000000000000002100,Faijpur,Faijpur,,,,,
18,Jalna,01,Jalna CTSO,000000000000001805,Ambad,Ambad,,,,,
18,Jalna,01,Jalna CTSO,000000000000001803,Jalna,Jalna,,,,,
34,Kolhapur,03,Hatkangale,000000000000031100,Wadagaun,Wadagaun,,,,,
34,Kolhapur,01,Kolhapur CTSO,000000000000003411,Gadhinglaj,Gadhinglaj,,,,,
34,Kolhapur,01,Kolhapur CTSO,000000000000003408,Kagal,Kagal,,,,,
34,Kolhapur,04,Shirol,000000000000006100,Jayasingpur,Jayasingpur,,,,,
34,Kolhapur,04,Shirol,000000000000034100,Kurundwad,Kurundwad,,,,,
28,Latur,01,Latur CTSO,000000000000002807,Ausa,Ausa,,,,,
28,Latur,01,Latur CTSO,000000000000002801,Latur,Latur,,,,,
23,Mumbai City,01,Mumbai City,000000000000000008,BHULESHWAR,BHULESHWAR,,,,,
23,Mumbai City,01,Mumbai City,000000000000000014,BYCULLA,BYCULLA,,,,,
23,Mumbai City,01,Mumbai City,000000000000000003,COLABA,COLABA,,,,,
23,Mumbai City,01,Mumbai City,000000000000000004,DADAR-NAIGAUM,DADAR-NAIGAUM,,,,,
23,Mumbai City,01,Mumbai City,000000000000000013,DHARAVI,DHARAVI,,,,,
23,Mumbai City,01,Mumbai City,000000000000000001,FORT,FORT,,,,,
23,Mumbai City,01,Mumbai City,000000000000000010,GIRGAON,GIRGAON,,,,,
23,Mumbai City,01,Mumbai City,000000000000000002,LOWER PAREL,LOWER PAREL,,,,,
23,Mumbai City,01,Mumbai City,000000000000000011,MAHIM,MAHIM,,,,,
23,Mumbai City,01,Mumbai City,000000000000000007,MALABAR-CAMBALA HILL,MALABAR-CAMBALA HILL,,,,,
23,Mumbai City,01,Mumbai City,000000000000000015,MANDVI,MANDVI,,,,,
23,Mumbai City,01,Mumbai City,000000000000000006,MATUNGA,MATUNGA,,,,,
23,Mumbai City,01,Mumbai City,000000000000000012,MAZGAON,MAZGAON,,,,,
23,Mumbai City,01,Mumbai City,000000000000000009,PAREL-SHIVDI,PAREL-SHIVDI,,,,,
23,Mumbai City,01,Mumbai City,000000000000000019,PRINCESS DOCK,PRINCESS DOCK,,,,,
23,Mumbai City,01,Mumbai City,000000000000000018,SALT PAN,SALT PAN,,,,,
23,Mumbai City,01,Mumbai City,000000000000000017,SION,SION,,,,,
23,Mumbai City,01,Mumbai City,000000000000000016,TARDEO,TARDEO,,,,,
23,Mumbai City,01,Mumbai City,000000000000000005,WORLI,WORLI,,,,,
22,Mumbai Sub-Urban,04,Andheri,000000000000000003,अंधेरी,aMdherI,,,,,
22,Mumbai Sub-Urban,04,Andheri,000000000000000004,आंबिवली,AMbivalI,,,,,
22,Mumbai Sub-Urban,04,Andheri,000000000000000001,इस्मालिया,ismAliyA,,,,,
22,Mumbai Sub-Urban,04,Andheri,000000000000000002,ओशिवरा,oshivarA,,,,,
22,Mumbai Sub-Urban,04,Andheri,000000000000000005,बांदीवली,bAMdIvalI,,,,,
22,Mumbai Sub-Urban,04,Andheri,000000000000000007,मजास भाग-1,majAsa bhAga-1,,,,,
22,Mumbai Sub-Urban,04,Andheri,000000000000000008,मजास भाग-2,majAsa bhAga-2,,,,,
22,Mumbai Sub-Urban,04,Andheri,000000000000000009,मजास भाग-3,majAsa bhAga-3,,,,,
22,Mumbai Sub-Urban,04,Andheri,000000000000000006,मढ,maDha,,,,,
22,Mumbai Sub-Urban,04,Andheri,000000000000000010,मोगरा,mogarA,,,,,
22,Mumbai Sub-Urban,04,Andheri,000000000000000011,वर्सोवा,varsovA,,,,,
22,Mumbai Sub-Urban,03,Bandra,000000000000000011,आय वॉर्ड,Aya vaॉrDa,,,,,
22,Mumbai Sub-Urban,03,Bandra,000000000000000007,इ वॉर्ड,i vaॉrDa,,,,,
22,Mumbai Sub-Urban,03,Bandra,000000000000000010,एच वॉर्ड,echa vaॉrDa,,,,,
22,Mumbai Sub-Urban,03,Bandra,000000000000000008,एफ वॉर्ड,epha vaॉrDa,,,,,
22,Mumbai Sub-Urban,03,Bandra,000000000000000003,ए वॉर्ड,e vaॉrDa,,,,,
22,Mumbai Sub-Urban,03,Bandra,000000000000000001,कोलेकल्याण,kolekalyANa,,,,,
22,Mumbai Sub-Urban,03,Bandra,000000000000000009,जी वॉर्ड,jI vaॉrDa,,,,,
22,Mumbai Sub-Urban,03,Bandra,000000000000000006,डी वॉर्ड,DI vaॉrDa,,,,,
22,Mumbai Sub-Urban,03,Bandra,000000000000000002,परिघाखाडी,parighAkhADI,,,,,
22,Mumbai Sub-Urban,03,Bandra,000000000000000012,बांद्रा (पुर्व),bAMdrA (purva),,,,,
22,Mumbai Sub-Urban,03,Bandra,000000000000000004,बी वॉर्ड,bI vaॉrDa,,,,,
22,Mumbai Sub-Urban,03,Bandra,000000000000000005,सी वॉर्ड,sI vaॉrDa,,,,,
22,Mumbai Sub-Urban,06,Borivali,000000000000000001,एकसर,ekasara,,,,,
22,Mumbai Sub-Urban,06,Borivali,000000000000000002,कन्हेरी,kanherI,,,,,
22,Mumbai Sub-Urban,06,Borivali,000000000000000003,कांदिवली,kAMdivalI,,,,,
22,Mumbai Sub-Urban,06,Borivali,000000000000000004,गोराई,gorAI,,,,,
22,Mumbai Sub-Urban,06,Borivali,000000000000000005,चारकोप,chArakopa,,,,,
22,Mumbai Sub-Urban,06,Borivali,000000000000000006,दहिसर,dahisara,,,,,
22,Mumbai Sub-Urban,06,Borivali,000000000000000007,बोरीवली,borIvalI,,,,,
22,Mumbai Sub-Urban,06,Borivali,000000000000000008,मनोरी,manorI,,,,,
22,Mumbai Sub-Urban,06,Borivali,000000000000000009,मागाठणे,mAgAThaNe,,,,,
22,Mumbai Sub-Urban,06,Borivali,000000000000000010,मंंडपेश्वर,maMMDapeshvara,,,,,
22,Mumbai Sub-Urban,06,Borivali,000000000000000011,शिंपवली,shiMpavalI,,,,,
22,Mumbai Sub-Urban,08,Chembur,000000000000000001,आणिक,ANika,,,,,
22,Mumbai Sub-Urban,08,Chembur,000000000000000002,चेंबुर,cheMbura,,,,,
22,Mumbai Sub-Urban,08,Chembur,000000000000000003,तुर्भे,turbhe,,,,,
22,Mumbai Sub-Urban,08,Chembur,000000000000000004,बोर्ला,borlA,,,,,
22,Mumbai Sub-Urban,08,Chembur,000000000000000010,माणबुद्रुक,mANabudruka,,,,,
22,Mumbai Sub-Urban,08,Chembur,000000000000000005,मानखुर्द,mAnakhurda,,,,,
22,Mumbai Sub-Urban,08,Chembur,000000000000000006,मारवली,mAravalI,,,,,
22,Mumbai Sub-Urban,08,Chembur,000000000000000007,माहुल,mAhula,,,,,
22,Mumbai Sub-Urban,08,Chembur,000000000000000008,मंडाळे,maMDALe,,,,,
22,Mumbai Sub-Urban,08,Chembur,000000000000000009,वाढवली,vADhavalI,,,,,
22,Mumbai Sub-Urban,07,Ghatkoper,000000000000000001,असल्फा,asalphA,,,,,
22,Mumbai Sub-Urban,07,Ghatkoper,000000000000000002,किरोळ,kiroLa,,,,,
22,Mumbai Sub-Urban,07,Ghatkoper,000000000000000003,घाटकोपर,ghATakopara,,,,,
22,Mumbai Sub-Urban,07,Ghatkoper,000000000000000004,घाटकोपर-किरोळ,ghATakopara-kiroLa,,,,,
22,Mumbai Sub-Urban,07,Ghatkoper,000000000000000010,घाटकोपर-किरोळ TP03,ghATakopara-kiroLa TP03,,,,,
22,Mumbai Sub-Urban,07,Ghatkoper,000000000000000005,चांदीवली,chAMdIvalI,,,,,
22,Mumbai Sub-Urban,07,Ghatkoper,000000000000000006,तुंगवा,tuMgavA,,,,,
22,Mumbai Sub-Urban,07,Ghatkoper,000000000000000007,देवनार,devanAra,,,,,
22,Mumbai Sub-Urban,07,Ghatkoper,000000000000000008,विक्रोळी,vikroLI,,,,,
22,Mumbai Sub-Urban,07,Ghatkoper,000000000000000009,हरियाली,hariyAlI,,,,,
22,Mumbai Sub-Urban,10,Goregaon,000000000000000002,आकुर्ली,AkurlI,,,,,
22,Mumbai Sub-Urban,10,Goregaon,000000000000000002,आकुर्ली,AkurlI,,,,,
22,Mumbai Sub-Urban,10,Goregaon,000000000000000001,आक्से,Akse,,,,,
22,Mumbai Sub-Urban,10,Goregaon,000000000000000003,एरंगळ,eraMgaLa,,,,,
22,Mumbai Sub-Urban,10,Goregaon,000000000000000004,दारवली,dAravalI,,,,,
22,Mumbai Sub-Urban,10,Goregaon,000000000000000005,पहाडी एकसर,pahADI ekasara,,,,,
22,Mumbai Sub-Urban,10,Goregaon,000000000000000007,पहाडी गोरेगांव (प),pahADI goregAMva (pa),,,,,
22,Mumbai Sub-Urban,10,Goregaon,000000000000000006,पहाडी गोरेगांव (पू),pahADI goregAMva (pU),,,,,
22,Mumbai Sub-Urban,10,Goregaon,000000000000000008,पोईसर,poIsara,,,,,
22,Mumbai Sub-Urban,10,Goregaon,000000000000000010,मार्वे,mArve,,,,,
22,Mumbai Sub-Urban,10,Goregaon,000000000000000009,मालवणी,mAlavaNI,,,,,
22,Mumbai Sub-Urban,10,Goregaon,000000000000000011,वळणई,vaLaNaI,,,,,
22,Mumbai Sub-Urban,10,Goregaon,000000000000000012,वाढवण,vADhavaNa,,,,,
22,Mumbai Sub-Urban,02,Kurla,000000000000000001,कुर्ला भाग -1,kurlA bhAga -1,,,,,
22,Mumbai Sub-Urban,02,Kurla,000000000000000002,कुर्ला भाग -2,kurlA bhAga -2,,,,,
22,Mumbai Sub-Urban,02,Kurla,000000000000000003,कुर्ला भाग -3,kurlA bhAga -3,,,,,
22,Mumbai Sub-Urban,02,Kurla,000000000000000004,कुर्ला भाग -4,kurlA bhAga -4,,,,,
22,Mumbai Sub-Urban,02,Kurla,000000000000000005,मोहिली,mohilI,,,,,
22,Mumbai Sub-Urban,02,Kurla,000000000000000006,साकी,sAkI,,,,,
22,Mumbai Sub-Urban,05,Malad,000000000000000001,आरे,Are,,,,,
22,Mumbai Sub-Urban,05,Malad,000000000000000002,कुरार,kurAra,,,,,
22,Mumbai Sub-Urban,05,Malad,000000000000000003,क्लेराबाद,klerAbAda,,,,,
22,Mumbai Sub-Urban,05,Malad,000000000000000004,गोरेगांव,goregAMva,,,,,
22,Mumbai Sub-Urban,05,Malad,000000000000000006,चिंचवली,chiMchavalI,,,,,
22,Mumbai Sub-Urban,05,Malad,000000000000007100,तुलसी,tulasI,,,,,
22,Mumbai Sub-Urban,05,Malad,000000000000000008,दिंडोशी,diMDoshI,,,,,
22,Mumbai Sub-Urban,05,Malad,000000000000000011,मालाड (उ),mAlADa (u),,,,,
22,Mumbai Sub-Urban,05,Malad,000000000000000010,मालाड (द),mAlADa (da),,,,,
22,Mumbai Sub-Urban,05,Malad,000000000000000009,मालाड (पू),mAlADa (pU),,,,,
22,Mumbai Sub-Urban,05,Malad,000000000000000012,साई,sAI,,,,,
22,Mumbai Sub-Urban,01,Mulund,000000000000000002,कांजुर,kAMjura,,,,,
22,Mumbai Sub-Urban,01,Mulund,000000000000000001,कोपरी,koparI,,,,,
22,Mumbai Sub-Urban,01,Mulund,000000000000000003,तिरंदाज,tiraMdAja,,,,,
22,Mumbai Sub-Urban,01,Mulund,000000000000000004,नाहुर,nAhura,,,,,
22,Mumbai Sub-Urban,01,Mulund,000000000000000005,पवई,pavaI,,,,,
22,Mumbai Sub-Urban,01,Mulund,000000000000000006,पास्पोली,pAspolI,,,,,
22,Mumbai Sub-Urban,01,Mulund,000000000000000007,भांडूप,bhAMDUpa,,,,,
22,Mumbai Sub-Urban,01,Mulund,000000000000000009,मुलुंड (पश्चिम),muluMDa (pashchima),,,,,
22,Mumbai Sub-Urban,01,Mulund,000000000000000008,मुलुंड (पुर्व),muluMDa (purva),,,,,
22,Mumbai Sub-Urban,09,Vileparle,000000000000000001,कोंदीविटा,koMdIviTA,,,,,
22,Mumbai Sub-Urban,09,Vileparle,000000000000000002,गुंदवली,guMdavalI,,,,,
22,Mumbai Sub-Urban,09,Vileparle,000000000000000003,चकाला,chakAlA,,,,,
22,Mumbai Sub-Urban,09,Vileparle,000000000000000004,जूहू,jUhU,,,,,
22,Mumbai Sub-Urban,09,Vileparle,000000000000000005,परजापूर,parajApUra,,,,,
22,Mumbai Sub-Urban,09,Vileparle,000000000000000006,बाफनाळा,bAphanALA,,,,,
22,Mumbai Sub-Urban,09,Vileparle,000000000000000007,ब्राम्हणवाडा,brAmhaNavADA,,,,,
22,Mumbai Sub-Urban,09,Vileparle,000000000000000008,मरोळ,maroLa,,,,,
22,Mumbai Sub-Urban,09,Vileparle,000000000000000009,मुळगाव,muLagAva,,,,,
22,Mumbai Sub-Urban,09,Vileparle,000000000000000010,विलेपार्ले(प),vilepArle(pa),,,,,
22,Mumbai Sub-Urban,09,Vileparle,000000000000000013,विलेपार्ले (पु),vilepArle (pu),,,,,
22,Mumbai Sub-Urban,09,Vileparle,000000000000000011,व्यारवली,vyAravalI,,,,,
22,Mumbai Sub-Urban,09,Vileparle,000000000000000012,सहार,sahAra,,,,,
15,Nanded,01,Nanded CTSO,000000000000001513,Loha,Loha,,,,,
15,Nanded,01,Nanded CTSO,000000000000001506,Nanded,Nanded,,,,,
01,Nandurbar,01,Nandurbar CTSO,000000000000000105,Nandurbar,Nandurbar,,,,,
01,Nandurbar,01,Nandurbar CTSO,000000000000000106,Navapur,Navapur,,,,,
01,Nandurbar,01,Nandurbar CTSO,000000000000000104,Shahada,Shahada,,,,,
01,Nandurbar,01,Nandurbar CTSO,000000000000000103,Talode,Talode,,,,,
09,Nangpur,16,CTSO NO.2 Nagpur,000000000000003100,Babulkheda,Babulkheda,,,,,
09,Nangpur,16,CTSO NO.2 Nagpur,000000000000023100,Bhankheda,Bhankheda,,,,,
09,Nangpur,16,CTSO NO.2 Nagpur,000000000000014100,Bharatwada,Bharatwada,,,,,
09,Nangpur,16,CTSO NO.2 Nagpur,000000000000006100,Bidipeth,Bidipeth,,,,,
09,Nangpur,16,CTSO NO.2 Nagpur,000000000000022100,Binaki,Binaki,,,,,
09,Nangpur,16,CTSO NO.2 Nagpur,000000000000016100,Chikhali ,Chikhali ,,,,,
09,Nangpur,16,CTSO NO.2 Nagpur,000000000000005100,Chikhali khu.,Chikhali khu.,,,,,
09,Nangpur,16,CTSO NO.2 Nagpur,000000000000008100,Dighori,Dighori,,,,,
09,Nangpur,16,CTSO NO.2 Nagpur,000000000000001100,Hansapuri,Hansapuri,,,,,
09,Nangpur,16,CTSO NO.2 Nagpur,000000000000007100,Harpur,Harpur,,,,,
09,Nangpur,16,CTSO NO.2 Nagpur,000000000000011100,Hiwari,Hiwari,,,,,
09,Nangpur,16,CTSO NO.2 Nagpur,000000000000021100,Indora,Indora,,,,,
09,Nangpur,16,CTSO NO.2 Nagpur,000000000000020100,Nara,Nara,,,,,
09,Nangpur,16,CTSO NO.2 Nagpur,000000000000019100,Nari,Nari,,,,,
09,Nangpur,16,CTSO NO.2 Nagpur,000000000000010100,Paradi,Paradi,,,,,
09,Nangpur,16,CTSO NO.2 Nagpur,000000000000002100,Sakkardara,Sakkardara,,,,,
09,Nangpur,16,CTSO NO.2 Nagpur,000000000000024100,Wadpakad,Wadpakad,,,,,
09,Nangpur,16,CTSO NO.2 Nagpur,000000000000017100,Wanjara,Wanjara,,,,,
09,Nangpur,16,CTSO NO.2 Nagpur,000000000000018100,Wanjari,Wanjari,,,,,
09,Nangpur,17,CTSO NO.3 Nagpur,000000000000017100,Ajani,Ajani,,,,,
09,Nangpur,17,CTSO NO.3 Nagpur,000000000000024100,Ambazari,Ambazari,,,,,
09,Nangpur,17,CTSO NO.3 Nagpur,000000000000023100,Bhamati,Bhamati,,,,,
09,Nangpur,17,CTSO NO.3 Nagpur,000000000000018100,Borgao,Borgao,,,,,
09,Nangpur,17,CTSO NO.3 Nagpur,000000000000005100,Dabha,Dabha,,,,,
09,Nangpur,17,CTSO NO.3 Nagpur,000000000000014100,Dharampeth,Dharampeth,,,,,
09,Nangpur,17,CTSO NO.3 Nagpur,000000000000006100,Futala,Futala,,,,,
09,Nangpur,17,CTSO NO.3 Nagpur,000000000000022100,Gadaga,Gadaga,,,,,
09,Nangpur,17,CTSO NO.3 Nagpur,000000000000003100,Gorewada,Gorewada,,,,,
09,Nangpur,17,CTSO NO.3 Nagpur,000000000000004100,Hajari pahad ,Hajari pahad ,,,,,
09,Nangpur,17,CTSO NO.3 Nagpur,000000000000001100,Jaripataka,Jaripataka,,,,,
09,Nangpur,17,CTSO NO.3 Nagpur,000000000000029100,Jat tarodi,Jat tarodi,,,,,
09,Nangpur,17,CTSO NO.3 Nagpur,000000000000016100,Jaytala,Jaytala,,,,,
09,Nangpur,17,CTSO NO.3 Nagpur,000000000000007100,Kachimet,Kachimet,,,,,
09,Nangpur,17,CTSO NO.3 Nagpur,000000000000026100,Khamala ,Khamala ,,,,,
09,Nangpur,17,CTSO NO.3 Nagpur,000000000000028100,Lendra,Lendra,,,,,
09,Nangpur,17,CTSO NO.3 Nagpur,000000000000002100,Mankapur,Mankapur,,,,,
09,Nangpur,17,CTSO NO.3 Nagpur,000000000000020100,Pandharabodi,Pandharabodi,,,,,
09,Nangpur,17,CTSO NO.3 Nagpur,000000000000008100,Polis lain takali,Polis lain takali,,,,,
09,Nangpur,17,CTSO NO.3 Nagpur,000000000000010100,Shiwan gaun,Shiwan gaun,,,,,
09,Nangpur,17,CTSO NO.3 Nagpur,000000000000021100,Sita bardi,Sita bardi,,,,,
09,Nangpur,17,CTSO NO.3 Nagpur,000000000000011100,Sonegaun,Sonegaun,,,,,
09,Nangpur,17,CTSO NO.3 Nagpur,000000000000012100,Takali seem,Takali seem,,,,,
09,Nangpur,17,CTSO NO.3 Nagpur,000000000000019100,zingabai takali,zingabai takali,,,,,
09,Nangpur,01,Nangpur CTSO,000000000000000908,Kamathi,Kamathi,,,,,
09,Nangpur,01,Nangpur CTSO,000000000000000902,Katol,Katol,,,,,
09,Nangpur,01,Nangpur CTSO,000000000000000906,Ramtek,Ramtek,,,,,
09,Nangpur,01,Nangpur CTSO,000000000000000904,Sawaner,Sawaner,,,,,
09,Nangpur,01,Nangpur CTSO,000000000000000912,Umred,Umred,,,,,
20,Nashik,01,Nashik CTSO,000000000000002004,Baglan,Baglan,,,,,
20,Nashik,01,Nashik CTSO,000000000000002012,Igatpuri,Igatpuri,,,,,
20,Nashik,01,Nashik CTSO,000000000000002005,Malegoan,Malegoan,,,,,
20,Nashik,01,Nashik CTSO,000000000000002006,Nandgaon,Nandgaon,,,,,
20,Nashik,01,Nashik CTSO,000000000000002011,Nashik,Nashik,,,,,
20,Nashik,01,Nashik CTSO,000000000000002016,Nashik CTSO,Nashik CTSO,,,,,
20,Nashik,01,Nashik CTSO,000000000000002013,Sinnar,Sinnar,,,,,
20,Nashik,01,Nashik CTSO,000000000000002010,Trimbak,Trimbak,,,,,
20,Nashik,01,Nashik CTSO,000000000000002015,Yeola,Yeola,,,,,
36,Palghar,01,Palghar CTSO,000000000000003602,Dahanu,Dahanu,,,,,
36,Palghar,01,Palghar CTSO,000000000000003604,Javhar,Javhar,,,,,
36,Palghar,01,Palghar CTSO,000000000000003607,Palghar,Palghar,,,,,
17,Parbhani,01,Parbhani CTSO,000000000000001703,Parbhani,Parbhani,,,,,
25,Pune,13,Baramati,000000000000000001,Baramati,Baramati,,,,,
25,Pune,12,Bhor,000000000000000001,Bhor,Bhor,,,,,
25,Pune,15,CTSO 1 Pune,000000000000000008,Aundh,Aundh,,,,,
25,Pune,15,CTSO 1 Pune,000000000000000017,Baner,Baner,,,,,
25,Pune,15,CTSO 1 Pune,000000000000000005,Bhamburda,Bhamburda,,,,,
25,Pune,15,CTSO 1 Pune,000000000000000013,Kothrud,Kothrud,,,,,
25,Pune,15,CTSO 1 Pune,000000000000000900,Kothrud Vistarit,Kothrud Vistarit,,,,,
25,Pune,15,CTSO 1 Pune,000000000000000001,Pashan,Pashan,,,,,
25,Pune,16,CTSO 2 Pune,000000000000000010,Dhanori,Dhanori,,,,,
25,Pune,16,CTSO 2 Pune,000000000000000002,kalas,kalas,,,,,
25,Pune,16,CTSO 2 Pune,000000000000000009,Kondhwa Khurd,Kondhwa Khurd,,,,,
25,Pune,16,CTSO 2 Pune,000000000000000006,Lohgaon,Lohgaon,,,,,
25,Pune,16,CTSO 2 Pune,000000000000000900,Lohgaon Gaothan,Lohgaon Gaothan,,,,,
25,Pune,16,CTSO 2 Pune,000000000000000901,Lohgaon Vistarit,Lohgaon Vistarit,,,,,
25,Pune,16,CTSO 2 Pune,000000000000000902,Lohgaon Vistarit -2,Lohgaon Vistarit -2,,,,,
25,Pune,16,CTSO 2 Pune,000000000000000004,Mundhawa,Mundhawa,,,,,
25,Pune,16,CTSO 2 Pune,000000000000000007,Wanwadi,Wanwadi,,,,,
25,Pune,19,CTSO  Pimpari chinchwad,000000000000000001,Akurdi,Akurdi,,,,,
25,Pune,19,CTSO  Pimpari chinchwad,000000000000000002,Bhosari,Bhosari,,,,,
25,Pune,19,CTSO  Pimpari chinchwad,000000000000000900,Bhosari Gaothan,Bhosari Gaothan,,,,,
25,Pune,19,CTSO  Pimpari chinchwad,000000000000000024,Bhosari Phugewadi,Bhosari Phugewadi,,,,,
25,Pune,19,CTSO  Pimpari chinchwad,000000000000000004,Chikhali,Chikhali,,,,,
25,Pune,19,CTSO  Pimpari chinchwad,000000000000000006,Dapodi,Dapodi,,,,,
25,Pune,19,CTSO  Pimpari chinchwad,000000000000000008,Kalewadi - Rahatani,Kalewadi - Rahatani,,,,,
25,Pune,19,CTSO  Pimpari chinchwad,000000000000000012,Moshi,Moshi,,,,,
25,Pune,19,CTSO  Pimpari chinchwad,000000000000000013,Nigdi,Nigdi,,,,,
25,Pune,19,CTSO  Pimpari chinchwad,000000000000000015,Pimple Gurav,Pimple Gurav,,,,,
25,Pune,19,CTSO  Pimpari chinchwad,000000000000000016,Pimple Nilakh,Pimple Nilakh,,,,,
25,Pune,19,CTSO  Pimpari chinchwad,000000000000000017,Pimple Saudagar,Pimple Saudagar,,,,,
25,Pune,19,CTSO  Pimpari chinchwad,000000000000000901,Rahatani,Rahatani,,,,,
25,Pune,19,CTSO  Pimpari chinchwad,000000000000000019,Rawet,Rawet,,,,,
25,Pune,19,CTSO  Pimpari chinchwad,000000000000000020,Sangavi,Sangavi,,,,,
25,Pune,19,CTSO  Pimpari chinchwad,000000000000000022,Talawade,Talawade,,,,,
25,Pune,09,Daund,000000000000000001,Daund,Daund,,,,,
25,Pune,07,Haweli,000000000000000008,Vadgaon Sheri,Vadgaon Sheri,,,,,
25,Pune,14,Indapur,000000000000000014,Indapur,Indapur,,,,,
25,Pune,01,Junnar,000000000000000001,Junnar,Junnar,,,,,
25,Pune,01,Junnar,000000000000000900,Junnar Vistarit,Junnar Vistarit,,,,,
25,Pune,04,Khed,000000000000000019,Alandi,Alandi,,,,,
25,Pune,05,Mawal,000000000000000900,Lonawala,Lonawala,,,,,
25,Pune,05,Mawal,000000000000000013,Talegaon Dabhade,Talegaon Dabhade,,,,,
25,Pune,10,Purandar,000000000000000025,Jejuri,Jejuri,,,,,
25,Pune,03,Shirur,000000000000000001,Shirur,Shirur,,,,,
24,Raigad,03,Karjat,000000000000003100,Bhisegaun,Bhisegaun,,,,,
24,Raigad,03,Karjat,000000000000002100,Dahiwali,Dahiwali,,,,,
24,Raigad,03,Karjat,000000000000006100,Gundage,Gundage,,,,,
24,Raigad,03,Karjat,000000000000004100,Matheran,Matheran,,,,,
24,Raigad,04,Khalapur,000000000000002100,Khopoli,Khopoli,,,,,
24,Raigad,01,Raigad CTSO,000000000000002406,Alibagh,Alibagh,,,,,
24,Raigad,01,Raigad CTSO,000000000000002403,Karjat,Karjat,,,,,
24,Raigad,01,Raigad CTSO,000000000000002414,Mahad,Mahad,,,,,
24,Raigad,01,Raigad CTSO,000000000000002407,Murud,Murud,,,,,
24,Raigad,01,Raigad CTSO,000000000000002402,Panwel,Panwel,,,,,
24,Raigad,01,Raigad CTSO,000000000000002405,Pen,Pen,,,,,
24,Raigad,01,Raigad CTSO,000000000000002408,Roha,Roha,,,,,
24,Raigad,01,Raigad CTSO,000000000000002401,Uran,Uran,,,,,
32,Ratnagiri,01,Ratnagiri CTSO,000000000000003204,Chiplun,Chiplun,,,,,
32,Ratnagiri,01,Ratnagiri CTSO,000000000000003202,Dapoli,Dapoli,,,,,
32,Ratnagiri,01,Ratnagiri CTSO,000000000000003203,khed,khed,,,,,
32,Ratnagiri,01,Ratnagiri CTSO,000000000000003206,Ratnagiri,Ratnagiri,,,,,
35,Sangli,11,CTSO Sangli,000000000000006100,Extension,Extension,,,,,
35,Sangli,11,CTSO Sangli,000000000000012100,Kupwad,Kupwad,,,,,
35,Sangli,11,CTSO Sangli,000000000000014100,Miraj,Miraj,,,,,
35,Sangli,11,CTSO Sangli,000000000000002100,Sangliwadi,Sangliwadi,,,,,
35,Sangli,01,Sangli CTSO,000000000000003505,Atpadi,Atpadi,,,,,
35,Sangli,01,Sangli CTSO,000000000000003504,Khanapur,Khanapur,,,,,
35,Sangli,01,Sangli CTSO,000000000000003507,Miraj,Miraj,,,,,
35,Sangli,01,Sangli CTSO,000000000000003506,Tasgaon,Tasgaon,,,,,
31,Satara,07,koregaon,000000000000008100,Rahimatpur,Rahimatpur,,,,,
31,Satara,05,Man,000000000000002100,Mhasawad,Mhasawad,,,,,
31,Satara,01,Satara CTSO,000000000000003111,Karad,Karad,,,,,
31,Satara,01,Satara CTSO,000000000000003101,Mahableshwar,Mahableshwar,,,,,
31,Satara,01,Satara CTSO,000000000000002100,Pachgani T P No 1,Pachgani T P No 1,,,,,
31,Satara,01,Satara CTSO,000000000000003104,Phaltan,Phaltan,,,,,
31,Satara,01,Satara CTSO,000000000000003108,Satara,Satara,,,,,
31,Satara,01,Satara CTSO,000000000000003102,Wai,Wai,,,,,
33,Sindhudurg,04,Malvan,000000000000001100,Malwan,Malwan,,,,,
33,Sindhudurg,07,Sawantwadi,000000000000001100,Sawantwadi city,Sawantwadi city,,,,,
30,Solapur,11,Devali,000000000000002100,Dudhani,Dudhani,,,,,
30,Solapur,02,Madha,000000000000017100,Kurduwadi,Kurduwadi,,,,,
30,Solapur,01,Solapur CTSO,000000000000003011,Akkalkat,Akkalkat,,,,,
30,Solapur,01,Solapur CTSO,000000000000003003,Barshi,Barshi,,,,,
30,Solapur,01,Solapur CTSO,000000000000003001,Karmala,Karmala,,,,,
30,Solapur,01,Solapur CTSO,000000000000003009,Mangalwedhe,Mangalwedhe,,,,,
30,Solapur,01,Solapur CTSO,000000000000003006,Pandharpur,Pandharpur,,,,,
21,Thane,01,Thane CTSO,000000000000002110,Bhiwandi,Bhiwandi,,,,,
29,Usmanabad,01,Usmanabad CTSO,000000000000002904,Kalamb,Kalamb,,,,,
29,Usmanabad,01,Usmanabad CTSO,000000000000002906,Tuljapur,Tuljapur,,,,,
29,Usmanabad,01,Usmanabad CTSO,000000000000002905,Usmanabad,Usmanabad,,,,,
08,Wardha,06,Devali,000000000000002100,Pulgaun,Pulgaun,,,,,
08,Wardha,01,Wardha CTSO,000000000000000803,Aarvi,Aarvi,,,,,
08,Wardha,01,Wardha CTSO,000000000000000806,Deoli,Deoli,,,,,
08,Wardha,01,Wardha CTSO,000000000000000807,Hingaghat,Hingaghat,,,,,
08,Wardha,01,Wardha CTSO,000000000000000805,Wardha,Wardha,,,,,
06,Washim,01,Washim CTSO,000000000000000607,Karanja,Karanja,,,,,
06,Washim,01,Washim CTSO,000000000000000605,Washim,Washim,,,,,
14,Yawatmal,12,Kelapur,000000000000001201,Pandharkarwadha-TP1,Pandharkarwadha-TP1,,,,,
14,Yawatmal,01,Yawatmal CTSO,000000000000001410,Aarni,Aarni,,,,,
14,Yawatmal,01,Yawatmal CTSO,000000000000001406,Digras,Digras,,,,,
14,Yawatmal,01,Yawatmal CTSO,000000000000001407,Pusad,Pusad,,,,,
14,Yawatmal,01,Yawatmal CTSO,000000000000001416,Wani,Wani,,,,,
14,Yawatmal,01,Yawatmal CTSO,000000000000001404,Yawatmal,Yawatmal,,,,,
